text,sentiment
"The washroom staff were super friendly and helpful. Had doubts at first, but they really improved things.",positive
Very satisfied with the canteen — keep it up!,positive
"Can’t say much about the food court, feels pretty normal.",neutral
"The college life is okay, nothing much to complain or praise.",neutral
It’s acceptable. bus service works as expected.,neutral
"The library is okay, nothing much to complain or praise.",neutral
Great job by the management improving the bus service.,positive
"The food court is manageable. Not great, not bad either. Management is trying, but results aren’t always visible.",neutral
"The hostel is manageable. Not great, not bad either. Could go either way depending on the day.",neutral
The wifi has improved so much recently.,positive
"Can’t say much about the facilities, feels pretty normal. Could go either way depending on the day.",neutral
"The college life is manageable. Not great, not bad either.",neutral
"Mixed feelings about the library. Some days are good, some aren’t. Not sure how to feel, some parts are fine, some not.",neutral
"Mixed feelings about the canteen. Some days are good, some aren’t. Could go either way depending on the day.",neutral
The food court could use slight improvements but it’s not too bad.,neutral
"It’s acceptable. campus works as expected. Not sure how to feel, some parts are fine, some not.",neutral
"The hostel is manageable. Not great, not bad either.",neutral
Everything about the college life felt smooth and well-organized.,positive
The hostel staff were super friendly and helpful. Would definitely recommend it to other students.,positive
"Honestly, the food court exceeded my expectations.",positive
I really liked the cultural night! 😄,positive
"Loved the atmosphere during the tech symposium! ❤️ Had doubts at first, but they really improved things.",positive
It’s acceptable. tech symposium works as expected.,neutral
The tech symposium service is poor and staff don’t seem to care.,negative
"Honestly, the cultural night exceeded my expectations.",positive
I really hate how the wifi is managed.,negative
The canteen experience keeps getting worse.,negative
Great job by the management improving the shuttle. The new system is faster and more organized.,positive
The mess service is poor and staff don’t seem to care. I hope someone actually listens this time.,negative
Wish the management paid more attention to fixing the canteen.,negative
"The hostel service isn’t consistent, but nothing major to complain about.",neutral
"Honestly, snack corner seems average to me.",neutral
Very disappointed with the washroom. 😞 I hope someone actually listens this time.,negative
The facilities could use slight improvements but it’s not too bad. Could go either way depending on the day.,neutral
"The facilities is manageable. Not great, not bad either. Not sure how to feel, some parts are fine, some not.",neutral
"The washroom is okay, nothing much to complain or praise.",neutral
Loved the atmosphere during the facilities! ❤️ Would definitely recommend it to other students.,positive
Totally frustrated by the campus. Needs serious improvement.,negative
"Wish the management paid more attention to fixing the bus service. If this continues, things will only get worse.",negative
"The shuttle is manageable. Not great, not bad either. Not sure how to feel, some parts are fine, some not.",neutral
Totally frustrated by the library. Needs serious improvement.,negative
"Honestly, the mess exceeded my expectations. The new system is faster and more organized.",positive
Had an awesome experience with the facilities. Would definitely recommend it to other students.,positive
Not satisfied at all with the mess. 😠,negative
"Unhappy about the shuttle, nothing ever changes.",negative
It’s acceptable. canteen works as expected.,neutral
"Very disappointed with the mess. 😞 If this continues, things will only get worse.",negative
Kudos to whoever manages the transport! 👏,positive
"It’s fine overall, though food court could be better maintained. Management is trying, but results aren’t always visible.",neutral
"It’s fine overall, though facilities could be better maintained. Not sure how to feel, some parts are fine, some not.",neutral
Great job by the management improving the library. The new system is faster and more organized.,positive
"There’s room for improvement in the hostel, but it’s fine for now.",neutral
"Can’t say much about the facilities, feels pretty normal.",neutral
"Can’t say much about the wifi, feels pretty normal.",neutral
"The mess is manageable. Not great, not bad either. Management is trying, but results aren’t always visible.",neutral
"It’s acceptable. hostel works as expected. Management is trying, but results aren’t always visible.",neutral
Very satisfied with the hostel — keep it up! The new system is faster and more organized.,positive
"The pickup point service isn’t consistent, but nothing major to complain about.",neutral
"The club event is okay, nothing much to complain or praise.",neutral
"Honestly, room seems average to me.",neutral
"Not satisfied at all with the college life. 😠 If this continues, things will only get worse.",negative
The club event staff were super friendly and helpful.,positive
"It’s fine overall, though college fest could be better maintained.",neutral
Great job by the management improving the hostel.,positive
"There’s room for improvement in the facilities, but it’s fine for now.",neutral
Kudos to whoever manages the food court! 👏,positive
"Honestly, canteen seems average to me. Could go either way depending on the day.",neutral
Had an awesome experience with the dorm.,positive
"It’s acceptable. mess works as expected. Management is trying, but results aren’t always visible.",neutral
The shuttle staff were super friendly and helpful.,positive
It’s acceptable. food court works as expected.,neutral
The room experience keeps getting worse.,negative
Very satisfied with the mess — keep it up! Would definitely recommend it to other students.,positive
"The college fest service isn’t consistent, but nothing major to complain about.",neutral
"The food court is okay, nothing much to complain or praise.",neutral
"It’s fine overall, though tech symposium could be better maintained. Management is trying, but results aren’t always visible.",neutral
I really liked the room! 😄,positive
"The campus is okay, nothing much to complain or praise.",neutral
"It’s fine overall, though food court could be better maintained.",neutral
"It’s fine overall, though room could be better maintained. Management is trying, but results aren’t always visible.",neutral
Loved the atmosphere during the tech symposium! ❤️ The new system is faster and more organized.,positive
"Totally frustrated by the wifi. Needs serious improvement. If this continues, things will only get worse.",negative
"The dorm quality is dropping day by day. If this continues, things will only get worse.",negative
Had an awesome experience with the wifi. Would definitely recommend it to other students.,positive
The shuttle has improved so much recently.,positive
Wish the management paid more attention to fixing the hostel. It’s been the same issue for months now.,negative
The snack corner service is poor and staff don’t seem to care. I hope someone actually listens this time.,negative
"The pickup point could use slight improvements but it’s not too bad. Not sure how to feel, some parts are fine, some not.",neutral
"Had an awesome experience with the washroom. Had doubts at first, but they really improved things.",positive
Loved the atmosphere during the mess! ❤️,positive
Everything about the campus felt smooth and well-organized. Would definitely recommend it to other students.,positive
"Can’t say much about the washroom, feels pretty normal. Could go either way depending on the day.",neutral
I really hate how the snack corner is managed.,negative
The library could use slight improvements but it’s not too bad. Could go either way depending on the day.,neutral
"There’s room for improvement in the cultural night, but it’s fine for now.",neutral
Totally frustrated by the facilities. Needs serious improvement. I hope someone actually listens this time.,negative
"Can’t say much about the pickup point, feels pretty normal. Management is trying, but results aren’t always visible.",neutral
Loved the atmosphere during the club event! ❤️,positive
Everything about the college life felt smooth and well-organized. Would definitely recommend it to other students.,positive
"The hostel service isn’t consistent, but nothing major to complain about. Could go either way depending on the day.",neutral
"The snack corner is manageable. Not great, not bad either. Not sure how to feel, some parts are fine, some not.",neutral
Not satisfied at all with the dorm. 😠,negative
Had an awesome experience with the food court.,positive
"The washroom has improved so much recently. Had doubts at first, but they really improved things.",positive
Loved the atmosphere during the snack corner! ❤️,positive
"Mixed feelings about the mess. Some days are good, some aren’t. Could go either way depending on the day.",neutral
"The canteen is okay, nothing much to complain or praise.",neutral
The mess experience keeps getting worse. I hope someone actually listens this time.,negative
"The campus is manageable. Not great, not bad either. Management is trying, but results aren’t always visible.",neutral
"The bus service is manageable. Not great, not bad either. Management is trying, but results aren’t always visible.",neutral
"Honestly, the club event exceeded my expectations. Had doubts at first, but they really improved things.",positive
It’s acceptable. canteen works as expected.,neutral
"There’s room for improvement in the bus service, but it’s fine for now. Could go either way depending on the day.",neutral
Very disappointed with the wifi. 😞,negative
It’s acceptable. library works as expected. Could go either way depending on the day.,neutral
"Honestly, transport seems average to me.",neutral
The tech symposium staff were super friendly and helpful.,positive
"The wifi is manageable. Not great, not bad either.",neutral
"There’s room for improvement in the canteen, but it’s fine for now. Not sure how to feel, some parts are fine, some not.",neutral
Kudos to whoever manages the library! 👏,positive
"It’s fine overall, though college fest could be better maintained.",neutral
"Honestly, facilities seems average to me.",neutral
The library has improved so much recently. Would definitely recommend it to other students.,positive
Very disappointed with the shuttle. 😞,negative
The pickup point experience keeps getting worse.,negative
"The mess is okay, nothing much to complain or praise. Could go either way depending on the day.",neutral
The washroom service is poor and staff don’t seem to care.,negative
Loved the atmosphere during the college fest! ❤️,positive
"Mixed feelings about the college life. Some days are good, some aren’t.",neutral
"Honestly, transport seems average to me.",neutral
"Mixed feelings about the snack corner. Some days are good, some aren’t. Management is trying, but results aren’t always visible.",neutral
Loved the atmosphere during the food court! ❤️ Would definitely recommend it to other students.,positive
"The shuttle is manageable. Not great, not bad either.",neutral
I really liked the tech symposium! 😄 Would definitely recommend it to other students.,positive
"Totally frustrated by the snack corner. Needs serious improvement. If this continues, things will only get worse.",negative
Kudos to whoever manages the snack corner! 👏,positive
"It’s fine overall, though club event could be better maintained.",neutral
"The canteen has improved so much recently. Had doubts at first, but they really improved things.",positive
"The pickup point service isn’t consistent, but nothing major to complain about. Not sure how to feel, some parts are fine, some not.",neutral
Great job by the management improving the shuttle. The new system is faster and more organized.,positive
Very satisfied with the campus — keep it up!,positive
It’s acceptable. hostel works as expected.,neutral
The mess service is poor and staff don’t seem to care. It’s been the same issue for months now.,negative
Had an awesome experience with the bus service. The new system is faster and more organized.,positive
"Not satisfied at all with the food court. 😠 If this continues, things will only get worse.",negative
Very disappointed with the washroom. 😞,negative
"The wifi service isn’t consistent, but nothing major to complain about.",neutral
"Can’t say much about the room, feels pretty normal.",neutral
Loved the atmosphere during the college fest! ❤️ The new system is faster and more organized.,positive
Totally frustrated by the hostel. Needs serious improvement. I hope someone actually listens this time.,negative
"It’s acceptable. bus service works as expected. Not sure how to feel, some parts are fine, some not.",neutral
Very satisfied with the transport — keep it up! Would definitely recommend it to other students.,positive
Great job by the management improving the snack corner.,positive
The washroom service is poor and staff don’t seem to care. It’s been the same issue for months now.,negative
Not satisfied at all with the library. 😠,negative
Wish the management paid more attention to fixing the washroom.,negative
"The washroom experience keeps getting worse. If this continues, things will only get worse.",negative
"The shuttle service isn’t consistent, but nothing major to complain about. Management is trying, but results aren’t always visible.",neutral
The college fest could use slight improvements but it’s not too bad.,neutral
"I really hate how the washroom is managed. If this continues, things will only get worse.",negative
Loved the atmosphere during the bus service! ❤️ Would definitely recommend it to other students.,positive
Had an awesome experience with the college life. Would definitely recommend it to other students.,positive
I really liked the canteen! 😄,positive
"The tech symposium is manageable. Not great, not bad either.",neutral
I really liked the canteen! 😄,positive
I really hate how the room is managed. I hope someone actually listens this time.,negative
"The room is manageable. Not great, not bad either.",neutral
"It’s fine overall, though canteen could be better maintained.",neutral
"The facilities is manageable. Not great, not bad either. Not sure how to feel, some parts are fine, some not.",neutral
I really liked the campus! 😄 The new system is faster and more organized.,positive
Not satisfied at all with the dorm. 😠,negative
"Honestly, the snack corner exceeded my expectations. Would definitely recommend it to other students.",positive
"The canteen could use slight improvements but it’s not too bad. Not sure how to feel, some parts are fine, some not.",neutral
"Can’t say much about the washroom, feels pretty normal. Could go either way depending on the day.",neutral
"The cultural night is okay, nothing much to complain or praise.",neutral
"Honestly, the cultural night exceeded my expectations. Would definitely recommend it to other students.",positive
"The club event is manageable. Not great, not bad either. Could go either way depending on the day.",neutral
"Every time I deal with the washroom, it’s a bad experience.",negative
The college fest experience keeps getting worse. It’s been the same issue for months now.,negative
"Honestly, room seems average to me.",neutral
Everything about the facilities felt smooth and well-organized.,positive
"Honestly, the pickup point exceeded my expectations.",positive
Kudos to whoever manages the room! 👏,positive
"The facilities is manageable. Not great, not bad either.",neutral
Great job by the management improving the college life.,positive
"Unhappy about the canteen, nothing ever changes. It’s been the same issue for months now.",negative
Kudos to whoever manages the room! 👏 Would definitely recommend it to other students.,positive
"Every time I deal with the snack corner, it’s a bad experience.",negative
The cultural night service is poor and staff don’t seem to care. It’s been the same issue for months now.,negative
"Unhappy about the library, nothing ever changes.",negative
Totally frustrated by the snack corner. Needs serious improvement.,negative
"Mixed feelings about the college fest. Some days are good, some aren’t. Not sure how to feel, some parts are fine, some not.",neutral
The food court experience keeps getting worse.,negative
"Can’t say much about the mess, feels pretty normal. Management is trying, but results aren’t always visible.",neutral
Kudos to whoever manages the tech symposium! 👏 The new system is faster and more organized.,positive
Loved the atmosphere during the snack corner! ❤️ The new system is faster and more organized.,positive
"Honestly, the campus exceeded my expectations. Would definitely recommend it to other students.",positive
Had an awesome experience with the college life. The new system is faster and more organized.,positive
"It’s fine overall, though dorm could be better maintained.",neutral
"Honestly, canteen seems average to me. Could go either way depending on the day.",neutral
"It’s fine overall, though cultural night could be better maintained. Could go either way depending on the day.",neutral
"The bus service is okay, nothing much to complain or praise. Not sure how to feel, some parts are fine, some not.",neutral
"There’s room for improvement in the transport, but it’s fine for now.",neutral
The shuttle has improved so much recently.,positive
It’s acceptable. transport works as expected.,neutral
"It’s acceptable. mess works as expected. Not sure how to feel, some parts are fine, some not.",neutral
"Unhappy about the shuttle, nothing ever changes. I hope someone actually listens this time.",negative
The food court service is poor and staff don’t seem to care. It’s been the same issue for months now.,negative
Wish the management paid more attention to fixing the pickup point.,negative
"I really hate how the washroom is managed. If this continues, things will only get worse.",negative
I really liked the college life! 😄,positive
Everything about the room felt smooth and well-organized.,positive
The dorm could use slight improvements but it’s not too bad.,neutral
"Honestly, wifi seems average to me.",neutral
Great job by the management improving the shuttle. Would definitely recommend it to other students.,positive
"The campus is manageable. Not great, not bad either. Management is trying, but results aren’t always visible.",neutral
Kudos to whoever manages the tech symposium! 👏 The new system is faster and more organized.,positive
"Honestly, the dorm exceeded my expectations.",positive
The club event has improved so much recently.,positive
Very satisfied with the mess — keep it up!,positive
Had an awesome experience with the washroom.,positive
"Can’t say much about the wifi, feels pretty normal.",neutral
Everything about the library felt smooth and well-organized.,positive
"Mixed feelings about the snack corner. Some days are good, some aren’t. Could go either way depending on the day.",neutral
Not satisfied at all with the bus service. 😠,negative
"The tech symposium is manageable. Not great, not bad either. Management is trying, but results aren’t always visible.",neutral
"Honestly, the room exceeded my expectations. The new system is faster and more organized.",positive
"The club event experience keeps getting worse. If this continues, things will only get worse.",negative
"Unhappy about the mess, nothing ever changes. I hope someone actually listens this time.",negative
"Can’t say much about the food court, feels pretty normal.",neutral
"Can’t say much about the campus, feels pretty normal. Could go either way depending on the day.",neutral
"Great job by the management improving the canteen. Had doubts at first, but they really improved things.",positive
Wish the management paid more attention to fixing the bus service.,negative
"The hostel is manageable. Not great, not bad either.",neutral
Very satisfied with the library — keep it up!,positive
"The wifi could use slight improvements but it’s not too bad. Management is trying, but results aren’t always visible.",neutral
"Had an awesome experience with the bus service. Had doubts at first, but they really improved things.",positive
Everything about the food court felt smooth and well-organized.,positive
"Honestly, mess seems average to me.",neutral
It’s acceptable. library works as expected.,neutral
"The hostel is manageable. Not great, not bad either.",neutral
The library experience keeps getting worse. I hope someone actually listens this time.,negative
"Honestly, the college fest exceeded my expectations.",positive
Kudos to whoever manages the washroom! 👏 The new system is faster and more organized.,positive
It’s acceptable. snack corner works as expected.,neutral
The college life staff were super friendly and helpful. Would definitely recommend it to other students.,positive
"The canteen could use slight improvements but it’s not too bad. Not sure how to feel, some parts are fine, some not.",neutral
"Mixed feelings about the mess. Some days are good, some aren’t.",neutral
"Honestly, transport seems average to me. Not sure how to feel, some parts are fine, some not.",neutral
The room experience keeps getting worse.,negative
"Honestly, transport seems average to me. Management is trying, but results aren’t always visible.",neutral
Loved the atmosphere during the campus! ❤️,positive
I really liked the hostel! 😄 The new system is faster and more organized.,positive
Wish the management paid more attention to fixing the shuttle. I hope someone actually listens this time.,negative
Very disappointed with the transport. 😞,negative
Had an awesome experience with the bus service.,positive
Everything about the mess felt smooth and well-organized.,positive
"The facilities could use slight improvements but it’s not too bad. Management is trying, but results aren’t always visible.",neutral
"The pickup point is manageable. Not great, not bad either.",neutral
Had an awesome experience with the library. The new system is faster and more organized.,positive
The hostel staff were super friendly and helpful.,positive
The tech symposium has improved so much recently.,positive
"The cultural night is okay, nothing much to complain or praise. Could go either way depending on the day.",neutral
Very satisfied with the room — keep it up!,positive
"The cultural night could use slight improvements but it’s not too bad. Not sure how to feel, some parts are fine, some not.",neutral
"The facilities is okay, nothing much to complain or praise.",neutral
It’s acceptable. food court works as expected.,neutral
"There’s room for improvement in the facilities, but it’s fine for now. Not sure how to feel, some parts are fine, some not.",neutral
"Honestly, shuttle seems average to me.",neutral
"Honestly, the dorm exceeded my expectations.",positive
"Can’t say much about the room, feels pretty normal.",neutral
"The college fest experience keeps getting worse. If this continues, things will only get worse.",negative
The dorm experience keeps getting worse. It’s been the same issue for months now.,negative
"Can’t say much about the bus service, feels pretty normal. Could go either way depending on the day.",neutral
"The room is manageable. Not great, not bad either.",neutral
It’s acceptable. snack corner works as expected. Could go either way depending on the day.,neutral
"The campus is okay, nothing much to complain or praise. Not sure how to feel, some parts are fine, some not.",neutral
"It’s acceptable. facilities works as expected. Not sure how to feel, some parts are fine, some not.",neutral
Very satisfied with the mess — keep it up!,positive
"Mixed feelings about the snack corner. Some days are good, some aren’t.",neutral
"The canteen staff were super friendly and helpful. Had doubts at first, but they really improved things.",positive
I really hate how the campus is managed.,negative
The shuttle quality is dropping day by day.,negative
"The college life is manageable. Not great, not bad either.",neutral
Kudos to whoever manages the pickup point! 👏,positive
"Unhappy about the campus, nothing ever changes. It’s been the same issue for months now.",negative
The room service is poor and staff don’t seem to care. It’s been the same issue for months now.,negative
Kudos to whoever manages the cultural night! 👏 The new system is faster and more organized.,positive
The washroom service is poor and staff don’t seem to care. It’s been the same issue for months now.,negative
I really hate how the hostel is managed.,negative
"It’s acceptable. facilities works as expected. Management is trying, but results aren’t always visible.",neutral
"Every time I deal with the facilities, it’s a bad experience.",negative
"The facilities service isn’t consistent, but nothing major to complain about.",neutral
"Every time I deal with the shuttle, it’s a bad experience.",negative
Had an awesome experience with the food court.,positive
Totally frustrated by the college fest. Needs serious improvement.,negative
"Honestly, the bus service exceeded my expectations. The new system is faster and more organized.",positive
I really hate how the food court is managed. I hope someone actually listens this time.,negative
"The bus service is okay, nothing much to complain or praise.",neutral
"Honestly, the shuttle exceeded my expectations. The new system is faster and more organized.",positive
